"ProductId","SkuId","EAN","Brand","Category","StockStatus","StockQuantity","Title","Description","NormalPriceWithVAT","VATRate","Currency","Language","Imageurl1","Imageurl2","Imageurl3","Imageurl4","Imageurl5","Imageurl6","Imageurl7","Imageurl8","Imageurl9","Imageurl10"
"62054088376588","2026-038","EXCEP","Nordic BBQ Store","Home & Garden > Kitchen & Dining > Kitchen Appliance Accessories > Outdoor Grill Accessories > Outdoor Grill Replacement Parts","INSTOCK","3","Stainless Steel Burners Set for Weber Summit 460/470 Series – 4 Main, Sear & Smoker Burners, Replaces 67557","<ul><li>✅<b>【Overview】</b>➤ Replacement burner set for Weber Summit 400 series grills, designed to restore steady gas flow, reliable ignition, and even heat distribution.</li><li>✅<b>【Compatibility】</b>➤ Fits Weber Summit E-460, S-460, E-470, and S-470 models only. Verify grill model before ordering.</li><li>✅<b>【Dimensions & Heat Performance】</b>➤ Each burner tube is 52 cm long, providing full coverage and consistent cooking across the grate.</li><li>✅<b>【Construction】</b>➤ Made from high-quality stainless steel for corrosion resistance and durability.</li><li>✅<b>【Included Items & Ordering Advice】</b>➤ Includes 4 main burners, 1 crossover (sear) burner, and 1 smoker (incense) burner. Measure existing burners to ensure a perfect fit.</li><li>✅<b>【Note】</b>➤ Before placing an order, please measure your original weber grill parts to ensure a perfect fit.</li><li>🔥<b>【About Us】</b>➤ Nordic BBQ Store is a Finland-based brand specializing in high-quality BBQ grill replacement parts and accessories. We offer reliable replacement parts designed to help keep your grill performing at its best, so you can enjoy every grilling experience.</li></ul>","50.49","25.5","EUR","en","https://cdn.shopify.com/s/files/1/0734/9213/6204/files/weber-summit-400-series-replacement-grill-burner-tube-set-67557.jpg?v=1787740321","","","","","","","","",""
"62029130858764","93305GC","EXCEP","Nordic BBQ Store","Home & Garden > Kitchen & Dining > Kitchen Appliance Accessories > Outdoor Grill Accessories > Outdoor Grill Replacement Parts","INSTOCK","3","Grease Cup with Disposable Drip Pans – Fits Weber Genesis II 300, Spirit 200/300, Genesis Silver/Gold/Platinum, 1000‑5500 & Summit Grills","<ul><li>✅<b>【Product Overview】</b>➤ A replacement grease cup and disposable drip pan kit designed to restore clean, safe, efficient grease collection for Weber grills.</li><li>✅<b>【Compatibility】</b>➤ Fits Weber Genesis II 300 series, Spirit 200/300/400 series, Genesis Silver/Gold/Platinum, 1000‑5500 models, and Summit series grills, as well as many other grills requiring the same size cup.</li><li>✅<b>【Material & Construction】</b>➤ Constructed from high-quality painted steel with a waterproof, oil‑resistant coating and powder‑coated finish; disposable drip pans are made of aluminum.</li><li>✅<b>【Dimensions】</b>➤ Approximately 21.8 cm × 15.2 cm (8.6 × 6 inches).</li><li>✅<b>【Included Items】</b>➤ 1 grease cup and 10 disposable aluminum drip pans.</li><li>✅<b>【Installation】</b>➤ Slide the cup into the bottom slot of the grill and secure; lift out used drip pan and replace with a fresh one.</li><li>✅<b>【Note】</b>➤ Before placing an order, please measure your original weber grill parts to ensure a perfect fit.</li><li>🔥<b>【About Us】</b>➤ Nordic BBQ Store is a Finland-based brand specializing in high-quality BBQ grill replacement parts and accessories. We offer reliable replacement parts designed to help keep your grill performing at its best, so you can enjoy every grilling experience.</li></ul>","19.99","25.5","EUR","en","https://cdn.shopify.com/s/files/1/0734/9213/6204/files/weber-spirit-genesis-grease-catch-pan-drip-trays-kit-67047.jpg?v=1787224369","","","","","","","","",""
"54879344886028","2026-057","EXCEP","Nordic BBQ Store","","INSTOCK","3","","","64.99","25.5","EUR","en","https://cdn.shopify.com/s/files/1/0734/9213/6204/files/weber-spirit-310-320-330-grates-replacement-griddle-set.jpg?v=1786610268","","","","","","","","",""
"54878167171340","2026-033","EXCEP","Nordic BBQ Store","Home & Garden > Kitchen & Dining > Kitchen Appliance Accessories > Outdoor Grill Accessories > Outdoor Grill Replacement Parts","INSTOCK","3","High-Quality Grill Burners for Napoleon LEX 485, LEX 605, Mirage 485/605 & Lifestyle 485 – 3-Pack","<ul><li>✅<b>【Compatibility】</b>➤ Fits Napoleon LEX 485 (BILEX48, BILEX485NSS-1, BILEX485PSS-1, LEX485, LEX485-1, LEX485NSS-1, LEX485PSS-1, LEX485RSIB, LEX485RSIB-1, LEX485RSIBNSS, LEX485RSIBNSS-1, LEX485RSIBNSS-A, LEX485RSIBPSS, LEX485RSIBPSS-1, LEX485RSIBPSS-DE, LEX485SS-1), LEX 605 (BILEX605, BILEX605RBI, BILEX605RBINSS, BILEX605RBIPSS, LEX605, LEX605RSBI, LEX605RSBINSS, LEX605RSBIPSS, LEX605RSIB), Mirage series (M485, M485RB, M485RSIB, M605, M605RSBI) and Lifestyle 485.</li><li>✅<b>【Materials & Dimensions】</b>➤ Each burner measures 47.8 cm in length and is constructed from high-quality stainless steel, offering strong corrosion resistance for reliable performance.</li><li>✅<b>【Included】</b>➤ Set contains 3 replacement burner tubes. Verify your grill model and ensure original burners are 47.8 cm before ordering.</li><li>✅<b>【Note】</b>➤ Before placing an order, please measure your original grill parts to ensure a perfect fit.</li><li>🔥<b>【About Us】</b>➤ Nordic BBQ Store is a Finland-based brand specializing in high-quality BBQ grill replacement parts and accessories. We offer reliable replacement parts designed to help keep your grill performing at its best, so you can enjoy every grilling experience.</li></ul>","29.99","25.5","EUR","en","https://cdn.shopify.com/s/files/1/0734/9213/6204/files/napoleon-lex-485-grill-burners-mirage-605-legend-lifestyle-nordic-bbq-store.jpg?v=1784725300","https://cdn.shopify.com/s/files/1/0734/9213/6204/files/napoleonburners_80bb2c24-c71e-4c58-b50f-a085f6a3c75f.jpg?v=1784726628","https://cdn.shopify.com/s/files/1/0734/9213/6204/files/napoleonburners3_8bbc12a5-b166-49ba-9ff5-be4b7cdcdd2b.jpg?v=1784726629","https://cdn.shopify.com/s/files/1/0734/9213/6204/files/napoleonburners1_f0861eca-bbe5-49d5-a886-a4e479e97bf8.jpg?v=1784726628","","","","","",""
"54868945240332","LEXCrossover-2","EXCEP","Nordic BBQ Store","Home & Garden > Kitchen & Dining > Kitchen Appliance Accessories > Outdoor Grill Accessories > Outdoor Grill Replacement Parts","INSTOCK","3","Crossover Channel Set for Napoleon LEX 485 Series 3-Burner Grills – 20 cm, 2 pcs","<ul><li>✅<b>【Product Overview】</b>➤ Replacement crossover channel set restores reliable ignition and consistent gas flow for Napoleon LEX 485 series 3‑burner grills.</li><li>✅<b>【Compatibility】</b>➤ Designed specifically for Napoleon LEX 485 series 3‑burner gas grills.</li><li>✅<b>【Dimensions】</b>➤ Each channel measures 20 cm × 2.5 cm × 5 cm.</li><li>✅<b>【Construction】</b>➤ Made from high-quality stainless steel for excellent rust and corrosion resistance.</li><li>✅<b>【Package Contents】</b>➤ 2 stainless steel crossover channels (mounting screws not included).</li><li>✅<b>【Installation】</b>➤ Remove old channels and secure the new ones across the burners for quick installation.</li><li>✅<b>【Note】</b>➤ Before placing an order, please measure your original grill parts to ensure a perfect fit.</li><li>🔥<b>【About Us】</b>➤ Nordic BBQ Store is a Finland-based brand specializing in high-quality BBQ grill replacement parts and accessories. We offer reliable replacement parts designed to help keep your grill performing at its optimum, so you can enjoy every grilling experience.</li></ul>","18.99","25.5","EUR","en","https://cdn.shopify.com/s/files/1/0734/9213/6204/files/napoleon-lex-485-legend-lifestyle-grill-burner-flame-bridge-3-burner-nordic-bbq-store.jpg?v=1784033781","","","","","","","","",""
"54868924170508","LEXCrossover","EXCEP","Nordic BBQ Store","Home & Garden > Kitchen & Dining > Kitchen Appliance Accessories > Outdoor Grill Accessories > Outdoor Grill Replacement Parts","INSTOCK","3","Crossover Channel Set - 15 cm (Set of 3) for Napoleon LEX 485 Series 4-Burner Grills","<ul><li>✅<b>【Overview】</b>➤ Restore reliable ignition and consistent gas flow with this high-performance crossover channel set.</li><li>✅<b>【Compatibility】</b>➤ Fits Napoleon LEX 485 series 4‑burner gas grills. Verify model before ordering.</li><li>✅<b>【Dimensions】</b>➤ Each channel measures 15 cm × 2.5 cm × 5 cm.</li><li>✅<b>【Construction】</b>➤ Made from high-quality stainless steel for excellent resistance to rust, corrosion, and wear.</li><li>✅<b>【Package Includes】</b>➤ 3 stainless steel crossover channels. Mounting screws are not included.</li><li>✅<b>【Installation】</b>➤ Remove old channels and install new ones across the burners. Simple, straightforward installation.</li><li>✅<b>【Note】</b>➤ Before placing an order, please measure your original grill parts to ensure a perfect fit.</li><li>🔥<b>【About Us】</b>➤ Nordic BBQ Store is a Finland-based brand specializing in high-quality BBQ grill replacement parts and accessories. We offer reliable replacement parts designed to help keep your grill performing at its best, so you can enjoy every grilling experience.</li></ul>","18.99","25.5","EUR","en","https://cdn.shopify.com/s/files/1/0734/9213/6204/files/napoleon-lex-485-legend-lifestyle-grill-burner-flame-bridge-nordic-bbq-store.jpg?v=1784033181","","","","","","","","",""
"54860794593548","EU-7637-PRC","EXCEP","Nordic BBQ Store","","INSTOCK","3","","","34.99","25.5","EUR","en","https://cdn.shopify.com/s/files/1/0734/9213/6204/files/weber-spirit-200-porcelain-enameled-grill-grates-replacement-7637.jpg?v=1787049383","https://cdn.shopify.com/s/files/1/0734/9213/6204/files/weber-spirit-210-7637-grill-grate-215-220-porcelain-enamelled-steel_4.jpg?v=1783624001","https://cdn.shopify.com/s/files/1/0734/9213/6204/files/weber-spirit-210-7637-grill-grate-215-220-porcelain-enamelled-steel_3.jpg?v=1783605072","https://cdn.shopify.com/s/files/1/0734/9213/6204/files/weber-spirit-210-7637-grill-grate-215-220-porcelain-enamelled-steel_5.jpg?v=1783605124","https://cdn.shopify.com/s/files/1/0734/9213/6204/files/weber-spirit-210-7637-grill-grate-215-220-porcelain-enamelled-steel_6.jpg?v=1783605123","","","","",""
"54860593725708","EU-7638-PRC","EXCEP","Nordic BBQ Store","Home & Garden > Kitchen & Dining > Kitchen Appliance Accessories > Outdoor Grill Accessories > Outdoor Grill Replacement Parts","INSTOCK","3","Porcelain-Enameled Steel Grill Grates for Weber Spirit (E-310/E-320/E-330), Spirit 700, Genesis Silver/Gold/Platinum B&C – Replaces Weber 7638","<ul><li>✅<b>【Product Highlights】</b>➤ High-quality porcelain-enameled steel grill grates offering lightweight handling and fast heat-up for Weber Spirit and Genesis grills.</li><li>✅<b>【Material】</b>➤ Made from porcelain-enameled stamped steel with a hollow underside for reduced weight and good heat distribution.</li><li>✅<b>【Compatibility】</b>➤ Direct replacement for Weber Part Numbers 7638, 7639, 7525. Fits Spirit 300 Series (E-310, S-310, E-320, S-320), Spirit 700, Weber 900, Genesis Silver/Gold/Platinum B & C, Legacy Genesis I–IV, 1000–5000 models, and other grills of the same size.</li><li>✅<b>【Dimensions】</b>➤ Each grate measures 44.5 cm × 30.2 cm; paired together they provide a cooking surface of 44.5 cm × 60.5 cm.</li><li>✅<b>【Included】</b>➤ Package contains 2 × replacement grill grates.</li><li>✅<b>【Installation Tip】</b>➤ Please measure the exact dimensions of your original Weber grill grates before ordering to ensure a perfect fit.</li><li>✅<b>【Note】</b>➤ Before placing an order, please measure your original weber grill parts to ensure a perfect fit.</li><li>🔥<b>【About Us】</b>➤ Nordic BBQ Store is a Finland-based brand specializing in high-quality BBQ grill replacement parts and accessories. We offer reliable replacement parts designed to help keep your grill performing at its best, so you can enjoy every grilling experience.</li></ul>","39.99","25.5","EUR","en","https://cdn.shopify.com/s/files/1/0734/9213/6204/files/weber-spirit-300-310-320-porcelain-enameled-steel-grill-grates-replacement-7638.jpg?v=1786610475","https://cdn.shopify.com/s/files/1/0734/9213/6204/files/Artboard1-1_95ece62c-2f66-4844-b648-550a0d8af782.jpg?v=1783601899","https://cdn.shopify.com/s/files/1/0734/9213/6204/files/Artboard1copy_7fd0c7be-b613-4ae6-a30a-dbfbf40d0c07.jpg?v=1783601900","https://cdn.shopify.com/s/files/1/0734/9213/6204/files/Artboard2copy_9f3c6ef2-867c-4891-a3aa-b957185d46d4.jpg?v=1783601900","https://cdn.shopify.com/s/files/1/0734/9213/6204/files/Artboard3_e7052a3b-269d-4d1e-bbe0-00a47f1a31f8.jpg?v=1783601899","","","","",""
"54859515789580","2026-024","EXCEP","Nordic BBQ Store","Home & Garden > Kitchen & Dining > Kitchen Appliance Accessories > Outdoor Grill Accessories > Outdoor Grill Replacement Parts","INSTOCK","3","Universal Adjustable Burner Covers 29–42 cm | 5‑Pack Stainless Steel Heat Deflectors","<ul><li>✅<b>【Compatibility】</b>➤ Universally fits various BBQ gas grill models from Biltema, Lucifer, Grill Star, Kingstone, Napoleon, Brinkmann, Kenmore, Master Forge, Nexgrill, Dyna-Glo, Char-Broil, Bond, Weber, Charm-Glow, Outback, Cosmo Grill, Blooma Ultar, Berkley, Uniflame, Fire Mountain, Jamie Oliver, Broil King and other popular brands requiring flavorizer bar/burner protector in this size range.</li><li>✅<b>【Dimensions】</b>➤ Adjustable length from 29 cm to 42 cm with a fixed width of 9.5 cm.</li><li>✅<b>【Material】</b>➤ Made of high-quality stainless steel with an ideal thickness for optimal grill temperature.</li><li>✅<b>【Adjustable Grill Parts】</b>➤ Adjustable heat deflectors designed for universal fit, supplied in two pieces and assembled with the provided hardware to achieve the desired length.</li><li>✅<b>【Included with Purchase】</b>➤ Package includes 5 x replacement heat deflectors (in 2 pieces) and required hardware for assembly.</li><li>✅<b>【Note】</b>➤ Before placing an order, please measure your original grill parts to ensure a perfect fit.</li><li>🔥<b>【About Us】</b>➤ Nordic BBQ Store is a Finland-based brand specializing in high-quality BBQ grill replacement parts and accessories. We offer reliable replacement parts designed to help keep your grill performing optimally, so you can enjoy every grilling experience.</li></ul>","35.99","25.5","EUR","en","https://cdn.shopify.com/s/files/1/0734/9213/6204/files/adjustable-stainless-steel-heat-plates-5-pack-29-42cm.jpg?v=1788174260","https://cdn.shopify.com/s/files/1/0734/9213/6204/files/1000044599.webp?v=1779362656","","","","","","","",""
"54859487478028","2026-022","EXCEP","Nordic BBQ Store","Home & Garden > Kitchen & Dining > Kitchen Appliance Accessories > Outdoor Grill Accessories > Outdoor Grill Replacement Parts","INSTOCK","3","Universal 3-Pack Stainless Steel Burner Covers – Adjustable 29-42 cm Length","<ul><li>✅<b>【Compatibility】</b>➤ Fits a wide range of BBQ gas grill models including Biltema, Lucifer, Grill Star, Kingstone, Napoleon, Brinkmann, Kenmore, Master Forge, Nexgrill, Dyna‑Glo, Char‑Broil, Bond, Weber, Charm‑Glow, Outback, Cosmo Grill, Blooma Ultar, Berkley, Uniflame, Fire Mountain, Jamie Oliver, Broil King, and other popular brands requiring flavorizer bars in this size range.</li><li>✅<b>【Dimensions】</b>➤ Adjustable length from 29 cm to 42 cm, fixed width 9.5 cm.</li><li>✅<b>【Material】</b>➤ Made from high-quality stainless steel with an ideal thickness for optimal grill temperature.</li><li>✅<b>【Adjustable Design】</b>➤ Two-piece heat shield design with included hardware for easy assembly to achieve the desired length.</li><li>✅<b>【Package Contents】</b>➤ 3 x replacement heat shields (each in 2 pieces) and required assembly hardware.</li><li>✅<b>【Note】</b>➤ Before placing an order, please measure your original grill parts to ensure a perfect fit.</li><li>🔥<b>【About Us】</b>➤ Nordic BBQ Store is a Finland-based brand specializing in high-quality BBQ grill replacement parts and accessories. We offer reliable replacement parts designed to help keep your grill performing at its best, so you can enjoy every grilling experience.</li></ul>","29.99","25.5","EUR","en","https://cdn.shopify.com/s/files/1/0734/9213/6204/files/adjustable-stainless-steel-heat-plates-3-pack-29-42cm.jpg?v=1788174332","https://cdn.shopify.com/s/files/1/0734/9213/6204/files/1000044599.webp?v=1779362656","","","","","","","",""
"54857600073996","2026-027","EXCEP","Nordic BBQ Store","Home & Garden > Kitchen & Dining > Kitchen Appliance Accessories > Outdoor Grill Accessories > Outdoor Grill Replacement Parts","OUTOFSTOCK","0","Stainless Steel Warming Rack – Fits Weber Q300/Q320 & Q3000/Q3100/Q3200 Grills – Replacement for Part 6570","<ul><li>✅<b>【Product Overview】</b>➤ Add extra warming space to your Weber Q grill with a high-quality stainless steel rack that keeps cooked food warm, toasts buns, and gently heats delicate items away from direct flame.</li><li>✅<b>【Exact Fit & Grill Compatibility】</b>➤ Designed to match original rack dimensions and mounting points for tool‑free installation. Compatible with Weber Q300, Q320, Q3000, Q3100, Q3200 series grills.</li><li>✅<b>【Precise Dimensions & Stable Design】</b>➤ Measures 52 cm (D) × 16.5 cm (W) × 8.4 cm (H). Sturdy rod construction ensures stable placement while allowing proper airflow and heat circulation.</li><li>✅<b>【Stainless Steel Construction & Easy Cleaning】</b>➤ Made from high-quality stainless steel that resists rust, warping and heat damage. Smooth surface prevents food sticking and enables quick cleanup.</li><li>✅<b>【What’s Included】</b>➤ 1 × Stainless steel warming rack, suitable as an accessory upgrade or replacement for OEM part number Weber 6570.</li><li>✅<b>【Note】</b>➤ Before placing an order, please measure your original weber grill parts to ensure a perfect fit.</li><li>🔥<b>【About Us】</b>➤ Nordic BBQ Store is a Finland-based brand specializing in high-quality BBQ grill replacement parts and accessories. We offer reliable replacement parts designed to help keep your grill performing optimally, so you can enjoy every grilling experience.</li></ul>","46.99","25.5","EUR","en","https://cdn.shopify.com/s/files/1/0734/9213/6204/files/weber-q300-q3000-stainless-steel-warming-rack-6570.jpg?v=1786699012","","","","","","","","",""
"54851051880716","SS25-124EU","EXCEP","Nordic BBQ Store","Home & Garden > Kitchen & Dining > Kitchen Appliance Accessories > Outdoor Grill Accessories > Outdoor Grill Replacement Parts","INSTOCK","3","4-Pack Stainless Steel Replacement Sear Plates for Napoleon Freestyle 425 & Legend 425 Grills","<ul><li>✅<b>【Product Highlights】</b>➤ high-quality stainless steel sear plates that restore even heat and protect burners for peak grilling performance.</li><li>✅<b>【Compatibility】</b>➤ Exact fit for Napoleon Freestyle 425 (F425PGT), Phantom Freestyle 425, Legend 425 Series (LD425PK) and many other grills.</li><li>✅<b>【Materials & Dimensions】</b>➤ Made from 304 stainless steel with 1 mm thickness, each plate measures 41 cm (L) × 8.9 cm (W), providing solid heat deflection.</li><li>✅<b>【Package Includes】</b>➤ 4 × high-quality replacement sear plates – the full set needed for a complete replacement.</li><li>✅<b>【Note】</b>➤ Before placing an order, please measure your original grill parts to ensure a perfect fit.</li><li>🔥<b>【About Us】</b>➤ Nordic BBQ Store is a Finland-based brand specializing in high-quality BBQ grill replacement parts and accessories. We offer reliable replacement parts designed to help keep your grill performing at its best, so you can enjoy every grilling experience.</li></ul>","34.99","25.5","EUR","en","https://cdn.shopify.com/s/files/1/0734/9213/6204/files/4-pack-sear-plates-napoleon-freestyle-425-phantom-gas-grills-stainless-steel.jpg?v=1782914793","","","","","","","","",""
"54851045523724","SS25-123EU","EXCEP","Nordic BBQ Store","Home & Garden > Kitchen & Dining > Kitchen Appliance Accessories > Outdoor Grill Accessories > Outdoor Grill Replacement Parts","INSTOCK","3","7-Pack Replacement Sear Plates – Stainless Steel for Napoleon Prestige Pro 500, Prestige 500 & Rogue 525 Series Grills","<ul><li>✅<b>【Product Overview】</b>➤ Restore even heat and protect burners with high-quality stainless steel sear plates designed for Napoleon Prestige 500 & Rogue 525 series grills.</li><li>✅<b>【Compatibility】</b>➤ OEM Part Number: N305-0082. Compatible with: Prestige PRO 500 RSIB (PRO500RSIBPSS), Prestige 500 Connected RSIB (P500VXRSIBPSS), Phantom Prestige 500 Connected RSIB (P500VXRSIBPK), Phantom Prestige 500 RSIB (P500RSIBPMK-3), Rogue 525 (R525PK-1), Rogue PRO-S 525 RSIB (RPS525RSIBPK-2), Rogue PRO-S 525 RSIB (RPS525RSIBPSS-2).</li><li>✅<b>【Materials & Dimensions】</b>➤ Each plate is made of stainless steel with 1 mm thickness, measuring 41 cm (L) × 8.9 cm (W).</li><li>✅<b>【Included】</b>➤ Package contains 7 high-quality replacement sear plates – the exact quantity needed for a full refresh.</li><li>✅<b>【Note】</b>➤ Before placing an order, please measure your original grill parts to ensure a perfect fit.</li><li>🔥<b>【About Us】</b>➤ Nordic BBQ Store is a Finland-based brand specializing in high-quality BBQ grill replacement parts and accessories. We offer reliable replacement parts designed to help keep your grill performing at its best, so you can enjoy every grilling experience.</li></ul>","42.99","25.5","EUR","en","https://cdn.shopify.com/s/files/1/0734/9213/6204/files/napoleon-sear-plates-prestige-500-rogue-525-7-pack-stainless-steel.jpg?v=1782914092","","","","","","","","",""